<annotation verified="yes">
	<folder>allimages</folder>
	<filename>A.609215cc-c1e4-11eb-955f-0008ca6b6d30.jpg</filename>
	<path>D:\RealTimeObjectDetection\Tensorflow\workspace\images\allimages\A.609215cc-c1e4-11eb-955f-0008ca6b6d30.jpg</path>
	<source>
		<database>Unknown</database>
	</source>
	<size>
		<width>640</width>
		<height>480</height>
		<depth>3</depth>
	</size>
	<segmented>0</segmented>
	<object>
		<name>A</name>
		<pose>Unspecified</pose>
		<truncated>0</truncated>
		<difficult>0</difficult>
		<bndbox>
			<xmin>163</xmin>
			<ymin>185</ymin>
			<xmax>425</xmax>
			<ymax>338</ymax>
		</bndbox>
	</object>
</annotation>
