<annotation verified="yes">
	<folder>allimages</folder>
	<filename>A.65720c6e-c1e4-11eb-b46a-0008ca6b6d30.jpg</filename>
	<path>D:\RealTimeObjectDetection\Tensorflow\workspace\images\allimages\A.65720c6e-c1e4-11eb-b46a-0008ca6b6d30.jpg</path>
	<source>
		<database>Unknown</database>
	</source>
	<size>
		<width>640</width>
		<height>480</height>
		<depth>3</depth>
	</size>
	<segmented>0</segmented>
	<object>
		<name>A</name>
		<pose>Unspecified</pose>
		<truncated>0</truncated>
		<difficult>0</difficult>
		<bndbox>
			<xmin>100</xmin>
			<ymin>190</ymin>
			<xmax>382</xmax>
			<ymax>346</ymax>
		</bndbox>
	</object>
</annotation>
