<annotation verified="yes">
	<folder>allimages</folder>
	<filename>A.a4d1986e-c1e1-11eb-ae87-0008ca6b6d30.jpg</filename>
	<path>D:\RealTimeObjectDetection\Tensorflow\workspace\images\allimages\A.a4d1986e-c1e1-11eb-ae87-0008ca6b6d30.jpg</path>
	<source>
		<database>Unknown</database>
	</source>
	<size>
		<width>640</width>
		<height>480</height>
		<depth>3</depth>
	</size>
	<segmented>0</segmented>
	<object>
		<name>A</name>
		<pose>Unspecified</pose>
		<truncated>0</truncated>
		<difficult>0</difficult>
		<bndbox>
			<xmin>104</xmin>
			<ymin>222</ymin>
			<xmax>467</xmax>
			<ymax>421</ymax>
		</bndbox>
	</object>
</annotation>
