<annotation verified="yes">
	<folder>allimages</folder>
	<filename>A.a87d34dc-c1e1-11eb-aa44-0008ca6b6d30.jpg</filename>
	<path>D:\RealTimeObjectDetection\Tensorflow\workspace\images\allimages\A.a87d34dc-c1e1-11eb-aa44-0008ca6b6d30.jpg</path>
	<source>
		<database>Unknown</database>
	</source>
	<size>
		<width>640</width>
		<height>480</height>
		<depth>3</depth>
	</size>
	<segmented>0</segmented>
	<object>
		<name>A</name>
		<pose>Unspecified</pose>
		<truncated>0</truncated>
		<difficult>0</difficult>
		<bndbox>
			<xmin>22</xmin>
			<ymin>208</ymin>
			<xmax>358</xmax>
			<ymax>394</ymax>
		</bndbox>
	</object>
</annotation>
