<annotation verified="yes">
	<folder>allimages</folder>
	<filename>B.0da50d71-c1e3-11eb-9efa-0008ca6b6d30.jpg</filename>
	<path>D:\RealTimeObjectDetection\Tensorflow\workspace\images\allimages\B.0da50d71-c1e3-11eb-9efa-0008ca6b6d30.jpg</path>
	<source>
		<database>Unknown</database>
	</source>
	<size>
		<width>640</width>
		<height>480</height>
		<depth>3</depth>
	</size>
	<segmented>0</segmented>
	<object>
		<name>B</name>
		<pose>Unspecified</pose>
		<truncated>0</truncated>
		<difficult>0</difficult>
		<bndbox>
			<xmin>132</xmin>
			<ymin>228</ymin>
			<xmax>414</xmax>
			<ymax>431</ymax>
		</bndbox>
	</object>
</annotation>
