<annotation verified="yes">
	<folder>allimages</folder>
	<filename>B.fb4ee880-c1e2-11eb-98e7-0008ca6b6d30.jpg</filename>
	<path>D:\RealTimeObjectDetection\Tensorflow\workspace\images\allimages\B.fb4ee880-c1e2-11eb-98e7-0008ca6b6d30.jpg</path>
	<source>
		<database>Unknown</database>
	</source>
	<size>
		<width>640</width>
		<height>480</height>
		<depth>3</depth>
	</size>
	<segmented>0</segmented>
	<object>
		<name>B</name>
		<pose>Unspecified</pose>
		<truncated>0</truncated>
		<difficult>0</difficult>
		<bndbox>
			<xmin>143</xmin>
			<ymin>281</ymin>
			<xmax>387</xmax>
			<ymax>463</ymax>
		</bndbox>
	</object>
</annotation>
