<annotation verified="yes">
	<folder>allimages</folder>
	<filename>B.fdbe9e14-c1e2-11eb-8c49-0008ca6b6d30.jpg</filename>
	<path>D:\RealTimeObjectDetection\Tensorflow\workspace\images\allimages\B.fdbe9e14-c1e2-11eb-8c49-0008ca6b6d30.jpg</path>
	<source>
		<database>Unknown</database>
	</source>
	<size>
		<width>640</width>
		<height>480</height>
		<depth>3</depth>
	</size>
	<segmented>0</segmented>
	<object>
		<name>B</name>
		<pose>Unspecified</pose>
		<truncated>0</truncated>
		<difficult>0</difficult>
		<bndbox>
			<xmin>114</xmin>
			<ymin>255</ymin>
			<xmax>365</xmax>
			<ymax>453</ymax>
		</bndbox>
	</object>
</annotation>
