<annotation verified="yes">
	<folder>allimages</folder>
	<filename>C.1709fa85-c1e4-11eb-9880-0008ca6b6d30.jpg</filename>
	<path>D:\RealTimeObjectDetection\Tensorflow\workspace\images\allimages\C.1709fa85-c1e4-11eb-9880-0008ca6b6d30.jpg</path>
	<source>
		<database>Unknown</database>
	</source>
	<size>
		<width>640</width>
		<height>480</height>
		<depth>3</depth>
	</size>
	<segmented>0</segmented>
	<object>
		<name>C</name>
		<pose>Unspecified</pose>
		<truncated>0</truncated>
		<difficult>0</difficult>
		<bndbox>
			<xmin>177</xmin>
			<ymin>192</ymin>
			<xmax>341</xmax>
			<ymax>349</ymax>
		</bndbox>
	</object>
</annotation>
