<annotation verified="yes">
	<folder>allimages</folder>
	<filename>C.18464939-c1e4-11eb-ae5e-0008ca6b6d30.jpg</filename>
	<path>D:\RealTimeObjectDetection\Tensorflow\workspace\images\allimages\C.18464939-c1e4-11eb-ae5e-0008ca6b6d30.jpg</path>
	<source>
		<database>Unknown</database>
	</source>
	<size>
		<width>640</width>
		<height>480</height>
		<depth>3</depth>
	</size>
	<segmented>0</segmented>
	<object>
		<name>C</name>
		<pose>Unspecified</pose>
		<truncated>0</truncated>
		<difficult>0</difficult>
		<bndbox>
			<xmin>172</xmin>
			<ymin>165</ymin>
			<xmax>342</xmax>
			<ymax>311</ymax>
		</bndbox>
	</object>
</annotation>
