<annotation verified="yes">
	<folder>D</folder>
	<filename>D.ddd492a0-c201-11eb-9ab1-0008ca6b6d30.jpg</filename>
	<path>D:\RealTimeObjectDetection\Tensorflow\workspace\images\collectedimages\D\D.ddd492a0-c201-11eb-9ab1-0008ca6b6d30.jpg</path>
	<source>
		<database>Unknown</database>
	</source>
	<size>
		<width>640</width>
		<height>480</height>
		<depth>3</depth>
	</size>
	<segmented>0</segmented>
	<object>
		<name>D</name>
		<pose>Unspecified</pose>
		<truncated>0</truncated>
		<difficult>0</difficult>
		<bndbox>
			<xmin>174</xmin>
			<ymin>200</ymin>
			<xmax>421</xmax>
			<ymax>381</ymax>
		</bndbox>
	</object>
</annotation>
