<annotation verified="yes">
	<folder>D</folder>
	<filename>D.e2b69cae-c201-11eb-b573-0008ca6b6d30.jpg</filename>
	<path>D:\RealTimeObjectDetection\Tensorflow\workspace\images\collectedimages\D\D.e2b69cae-c201-11eb-b573-0008ca6b6d30.jpg</path>
	<source>
		<database>Unknown</database>
	</source>
	<size>
		<width>640</width>
		<height>480</height>
		<depth>3</depth>
	</size>
	<segmented>0</segmented>
	<object>
		<name>D</name>
		<pose>Unspecified</pose>
		<truncated>0</truncated>
		<difficult>0</difficult>
		<bndbox>
			<xmin>138</xmin>
			<ymin>241</ymin>
			<xmax>382</xmax>
			<ymax>419</ymax>
		</bndbox>
	</object>
</annotation>
