<annotation verified="yes">
	<folder>D</folder>
	<filename>D.e528782c-c201-11eb-8e37-0008ca6b6d30.jpg</filename>
	<path>D:\RealTimeObjectDetection\Tensorflow\workspace\images\collectedimages\D\D.e528782c-c201-11eb-8e37-0008ca6b6d30.jpg</path>
	<source>
		<database>Unknown</database>
	</source>
	<size>
		<width>640</width>
		<height>480</height>
		<depth>3</depth>
	</size>
	<segmented>0</segmented>
	<object>
		<name>D</name>
		<pose>Unspecified</pose>
		<truncated>0</truncated>
		<difficult>0</difficult>
		<bndbox>
			<xmin>120</xmin>
			<ymin>227</ymin>
			<xmax>372</xmax>
			<ymax>417</ymax>
		</bndbox>
	</object>
</annotation>
