<annotation verified="yes">
	<folder>E</folder>
	<filename>E.878a1384-c27c-11eb-96e2-0008ca6b6d30.jpg</filename>
	<path>D:\RealTimeObjectDetection\Tensorflow\workspace\images\collectedimages\E\E.878a1384-c27c-11eb-96e2-0008ca6b6d30.jpg</path>
	<source>
		<database>Unknown</database>
	</source>
	<size>
		<width>640</width>
		<height>480</height>
		<depth>3</depth>
	</size>
	<segmented>0</segmented>
	<object>
		<name>E</name>
		<pose>Unspecified</pose>
		<truncated>0</truncated>
		<difficult>0</difficult>
		<bndbox>
			<xmin>69</xmin>
			<ymin>233</ymin>
			<xmax>309</xmax>
			<ymax>374</ymax>
		</bndbox>
	</object>
</annotation>
