<annotation verified="yes">
	<folder>E</folder>
	<filename>E.88c525d9-c27c-11eb-b459-0008ca6b6d30.jpg</filename>
	<path>D:\RealTimeObjectDetection\Tensorflow\workspace\images\collectedimages\E\E.88c525d9-c27c-11eb-b459-0008ca6b6d30.jpg</path>
	<source>
		<database>Unknown</database>
	</source>
	<size>
		<width>640</width>
		<height>480</height>
		<depth>3</depth>
	</size>
	<segmented>0</segmented>
	<object>
		<name>E</name>
		<pose>Unspecified</pose>
		<truncated>0</truncated>
		<difficult>0</difficult>
		<bndbox>
			<xmin>76</xmin>
			<ymin>226</ymin>
			<xmax>298</xmax>
			<ymax>398</ymax>
		</bndbox>
	</object>
</annotation>
