<annotation verified="yes">
	<folder>F</folder>
	<filename>F.2620414e-c27f-11eb-bee2-0008ca6b6d30.jpg</filename>
	<path>D:\RealTimeObjectDetection\Tensorflow\workspace\images\collectedimages\F\F.2620414e-c27f-11eb-bee2-0008ca6b6d30.jpg</path>
	<source>
		<database>Unknown</database>
	</source>
	<size>
		<width>640</width>
		<height>480</height>
		<depth>3</depth>
	</size>
	<segmented>0</segmented>
	<object>
		<name>F</name>
		<pose>Unspecified</pose>
		<truncated>0</truncated>
		<difficult>0</difficult>
		<bndbox>
			<xmin>208</xmin>
			<ymin>184</ymin>
			<xmax>415</xmax>
			<ymax>435</ymax>
		</bndbox>
	</object>
</annotation>
