<annotation verified="yes">
	<folder>F</folder>
	<filename>F.288deb95-c27f-11eb-992d-0008ca6b6d30.jpg</filename>
	<path>D:\RealTimeObjectDetection\Tensorflow\workspace\images\collectedimages\F\F.288deb95-c27f-11eb-992d-0008ca6b6d30.jpg</path>
	<source>
		<database>Unknown</database>
	</source>
	<size>
		<width>640</width>
		<height>480</height>
		<depth>3</depth>
	</size>
	<segmented>0</segmented>
	<object>
		<name>F</name>
		<pose>Unspecified</pose>
		<truncated>0</truncated>
		<difficult>0</difficult>
		<bndbox>
			<xmin>153</xmin>
			<ymin>215</ymin>
			<xmax>372</xmax>
			<ymax>435</ymax>
		</bndbox>
	</object>
</annotation>
