<annotation verified="yes">
	<folder>F</folder>
	<filename>F.29c52d5a-c27f-11eb-9d52-0008ca6b6d30.jpg</filename>
	<path>D:\RealTimeObjectDetection\Tensorflow\workspace\images\collectedimages\F\F.29c52d5a-c27f-11eb-9d52-0008ca6b6d30.jpg</path>
	<source>
		<database>Unknown</database>
	</source>
	<size>
		<width>640</width>
		<height>480</height>
		<depth>3</depth>
	</size>
	<segmented>0</segmented>
	<object>
		<name>F</name>
		<pose>Unspecified</pose>
		<truncated>0</truncated>
		<difficult>0</difficult>
		<bndbox>
			<xmin>162</xmin>
			<ymin>218</ymin>
			<xmax>369</xmax>
			<ymax>427</ymax>
		</bndbox>
	</object>
</annotation>
