<annotation verified="yes">
	<folder>G</folder>
	<filename>G.93c6d1bc-c27f-11eb-be4a-0008ca6b6d30.jpg</filename>
	<path>D:\RealTimeObjectDetection\Tensorflow\workspace\images\collectedimages\G\G.93c6d1bc-c27f-11eb-be4a-0008ca6b6d30.jpg</path>
	<source>
		<database>Unknown</database>
	</source>
	<size>
		<width>640</width>
		<height>480</height>
		<depth>3</depth>
	</size>
	<segmented>0</segmented>
	<object>
		<name>G</name>
		<pose>Unspecified</pose>
		<truncated>0</truncated>
		<difficult>0</difficult>
		<bndbox>
			<xmin>176</xmin>
			<ymin>201</ymin>
			<xmax>331</xmax>
			<ymax>408</ymax>
		</bndbox>
	</object>
</annotation>
