<annotation verified="yes">
	<folder>G</folder>
	<filename>G.99dbad69-c27f-11eb-b0d4-0008ca6b6d30.jpg</filename>
	<path>D:\RealTimeObjectDetection\Tensorflow\workspace\images\collectedimages\G\G.99dbad69-c27f-11eb-b0d4-0008ca6b6d30.jpg</path>
	<source>
		<database>Unknown</database>
	</source>
	<size>
		<width>640</width>
		<height>480</height>
		<depth>3</depth>
	</size>
	<segmented>0</segmented>
	<object>
		<name>G</name>
		<pose>Unspecified</pose>
		<truncated>0</truncated>
		<difficult>0</difficult>
		<bndbox>
			<xmin>184</xmin>
			<ymin>238</ymin>
			<xmax>345</xmax>
			<ymax>450</ymax>
		</bndbox>
	</object>
</annotation>
