<annotation verified="yes">
	<folder>G</folder>
	<filename>G.a1285d54-c27f-11eb-8aba-0008ca6b6d30.jpg</filename>
	<path>D:\RealTimeObjectDetection\Tensorflow\workspace\images\collectedimages\G\G.a1285d54-c27f-11eb-8aba-0008ca6b6d30.jpg</path>
	<source>
		<database>Unknown</database>
	</source>
	<size>
		<width>640</width>
		<height>480</height>
		<depth>3</depth>
	</size>
	<segmented>0</segmented>
	<object>
		<name>G</name>
		<pose>Unspecified</pose>
		<truncated>0</truncated>
		<difficult>0</difficult>
		<bndbox>
			<xmin>191</xmin>
			<ymin>210</ymin>
			<xmax>346</xmax>
			<ymax>422</ymax>
		</bndbox>
	</object>
</annotation>
