<annotation verified="yes">
	<folder>H</folder>
	<filename>H.107dfa4d-c280-11eb-953c-0008ca6b6d30.jpg</filename>
	<path>D:\RealTimeObjectDetection\Tensorflow\workspace\images\collectedimages\H\H.107dfa4d-c280-11eb-953c-0008ca6b6d30.jpg</path>
	<source>
		<database>Unknown</database>
	</source>
	<size>
		<width>640</width>
		<height>480</height>
		<depth>3</depth>
	</size>
	<segmented>0</segmented>
	<object>
		<name>H</name>
		<pose>Unspecified</pose>
		<truncated>0</truncated>
		<difficult>0</difficult>
		<bndbox>
			<xmin>180</xmin>
			<ymin>174</ymin>
			<xmax>357</xmax>
			<ymax>444</ymax>
		</bndbox>
	</object>
</annotation>
