<annotation verified="yes">
	<folder>H</folder>
	<filename>H.11b3db16-c280-11eb-a286-0008ca6b6d30.jpg</filename>
	<path>D:\RealTimeObjectDetection\Tensorflow\workspace\images\collectedimages\H\H.11b3db16-c280-11eb-a286-0008ca6b6d30.jpg</path>
	<source>
		<database>Unknown</database>
	</source>
	<size>
		<width>640</width>
		<height>480</height>
		<depth>3</depth>
	</size>
	<segmented>0</segmented>
	<object>
		<name>H</name>
		<pose>Unspecified</pose>
		<truncated>0</truncated>
		<difficult>0</difficult>
		<bndbox>
			<xmin>175</xmin>
			<ymin>161</ymin>
			<xmax>359</xmax>
			<ymax>416</ymax>
		</bndbox>
	</object>
</annotation>
