<annotation verified="yes">
	<folder>H</folder>
	<filename>H.169004c7-c280-11eb-95e8-0008ca6b6d30.jpg</filename>
	<path>D:\RealTimeObjectDetection\Tensorflow\workspace\images\collectedimages\H\H.169004c7-c280-11eb-95e8-0008ca6b6d30.jpg</path>
	<source>
		<database>Unknown</database>
	</source>
	<size>
		<width>640</width>
		<height>480</height>
		<depth>3</depth>
	</size>
	<segmented>0</segmented>
	<object>
		<name>H</name>
		<pose>Unspecified</pose>
		<truncated>0</truncated>
		<difficult>0</difficult>
		<bndbox>
			<xmin>176</xmin>
			<ymin>144</ymin>
			<xmax>367</xmax>
			<ymax>389</ymax>
		</bndbox>
	</object>
</annotation>
