<annotation verified="yes">
	<folder>I</folder>
	<filename>I.a644eac8-c280-11eb-a436-0008ca6b6d30.jpg</filename>
	<path>D:\RealTimeObjectDetection\Tensorflow\workspace\images\collectedimages\I\I.a644eac8-c280-11eb-a436-0008ca6b6d30.jpg</path>
	<source>
		<database>Unknown</database>
	</source>
	<size>
		<width>640</width>
		<height>480</height>
		<depth>3</depth>
	</size>
	<segmented>0</segmented>
	<object>
		<name>I</name>
		<pose>Unspecified</pose>
		<truncated>0</truncated>
		<difficult>0</difficult>
		<bndbox>
			<xmin>166</xmin>
			<ymin>192</ymin>
			<xmax>289</xmax>
			<ymax>381</ymax>
		</bndbox>
	</object>
</annotation>
