<annotation verified="yes">
	<folder>I</folder>
	<filename>I.a77be785-c280-11eb-8016-0008ca6b6d30.jpg</filename>
	<path>D:\RealTimeObjectDetection\Tensorflow\workspace\images\collectedimages\I\I.a77be785-c280-11eb-8016-0008ca6b6d30.jpg</path>
	<source>
		<database>Unknown</database>
	</source>
	<size>
		<width>640</width>
		<height>480</height>
		<depth>3</depth>
	</size>
	<segmented>0</segmented>
	<object>
		<name>I</name>
		<pose>Unspecified</pose>
		<truncated>0</truncated>
		<difficult>0</difficult>
		<bndbox>
			<xmin>169</xmin>
			<ymin>204</ymin>
			<xmax>285</xmax>
			<ymax>396</ymax>
		</bndbox>
	</object>
</annotation>
