<annotation verified="yes">
	<folder>I</folder>
	<filename>I.ab20478a-c280-11eb-9ddf-0008ca6b6d30.jpg</filename>
	<path>D:\RealTimeObjectDetection\Tensorflow\workspace\images\collectedimages\I\I.ab20478a-c280-11eb-9ddf-0008ca6b6d30.jpg</path>
	<source>
		<database>Unknown</database>
	</source>
	<size>
		<width>640</width>
		<height>480</height>
		<depth>3</depth>
	</size>
	<segmented>0</segmented>
	<object>
		<name>I</name>
		<pose>Unspecified</pose>
		<truncated>0</truncated>
		<difficult>0</difficult>
		<bndbox>
			<xmin>176</xmin>
			<ymin>195</ymin>
			<xmax>302</xmax>
			<ymax>398</ymax>
		</bndbox>
	</object>
</annotation>
