<annotation>
	<folder>I</folder>
	<filename>I.ac54c47c-c280-11eb-8e9e-0008ca6b6d30.jpg</filename>
	<path>D:\RealTimeObjectDetection\Tensorflow\workspace\images\collectedimages\I\I.ac54c47c-c280-11eb-8e9e-0008ca6b6d30.jpg</path>
	<source>
		<database>Unknown</database>
	</source>
	<size>
		<width>640</width>
		<height>480</height>
		<depth>3</depth>
	</size>
	<segmented>0</segmented>
	<object>
		<name>I</name>
		<pose>Unspecified</pose>
		<truncated>0</truncated>
		<difficult>0</difficult>
		<bndbox>
			<xmin>167</xmin>
			<ymin>202</ymin>
			<xmax>289</xmax>
			<ymax>405</ymax>
		</bndbox>
	</object>
</annotation>
