<annotation>
	<folder>I</folder>
	<filename>I.ad8aa689-c280-11eb-a874-0008ca6b6d30.jpg</filename>
	<path>D:\RealTimeObjectDetection\Tensorflow\workspace\images\collectedimages\I\I.ad8aa689-c280-11eb-a874-0008ca6b6d30.jpg</path>
	<source>
		<database>Unknown</database>
	</source>
	<size>
		<width>640</width>
		<height>480</height>
		<depth>3</depth>
	</size>
	<segmented>0</segmented>
	<object>
		<name>I</name>
		<pose>Unspecified</pose>
		<truncated>0</truncated>
		<difficult>0</difficult>
		<bndbox>
			<xmin>135</xmin>
			<ymin>199</ymin>
			<xmax>267</xmax>
			<ymax>404</ymax>
		</bndbox>
	</object>
</annotation>
