<annotation verified="yes">
	<folder>I</folder>
	<filename>I.aff64aa0-c280-11eb-9e4d-0008ca6b6d30.jpg</filename>
	<path>D:\RealTimeObjectDetection\Tensorflow\workspace\images\collectedimages\I\I.aff64aa0-c280-11eb-9e4d-0008ca6b6d30.jpg</path>
	<source>
		<database>Unknown</database>
	</source>
	<size>
		<width>640</width>
		<height>480</height>
		<depth>3</depth>
	</size>
	<segmented>0</segmented>
	<object>
		<name>I</name>
		<pose>Unspecified</pose>
		<truncated>0</truncated>
		<difficult>0</difficult>
		<bndbox>
			<xmin>115</xmin>
			<ymin>192</ymin>
			<xmax>251</xmax>
			<ymax>399</ymax>
		</bndbox>
	</object>
</annotation>
