<annotation verified="yes">
	<folder>J</folder>
	<filename>J.19ad6832-c281-11eb-98a1-0008ca6b6d30.jpg</filename>
	<path>D:\RealTimeObjectDetection\Tensorflow\workspace\images\collectedimages\J\J.19ad6832-c281-11eb-98a1-0008ca6b6d30.jpg</path>
	<source>
		<database>Unknown</database>
	</source>
	<size>
		<width>640</width>
		<height>480</height>
		<depth>3</depth>
	</size>
	<segmented>0</segmented>
	<object>
		<name>J</name>
		<pose>Unspecified</pose>
		<truncated>0</truncated>
		<difficult>0</difficult>
		<bndbox>
			<xmin>139</xmin>
			<ymin>183</ymin>
			<xmax>322</xmax>
			<ymax>324</ymax>
		</bndbox>
	</object>
</annotation>
