<annotation verified="yes">
	<folder>K</folder>
	<filename>K.b7c09449-c2a7-11eb-9012-0008ca6b6d30.jpg</filename>
	<path>D:\RealTimeObjectDetection\Tensorflow\workspace\images\collectedimages\K\K.b7c09449-c2a7-11eb-9012-0008ca6b6d30.jpg</path>
	<source>
		<database>Unknown</database>
	</source>
	<size>
		<width>640</width>
		<height>480</height>
		<depth>3</depth>
	</size>
	<segmented>0</segmented>
	<object>
		<name>K</name>
		<pose>Unspecified</pose>
		<truncated>0</truncated>
		<difficult>0</difficult>
		<bndbox>
			<xmin>156</xmin>
			<ymin>135</ymin>
			<xmax>378</xmax>
			<ymax>354</ymax>
		</bndbox>
	</object>
</annotation>
