<annotation verified="yes">
	<folder>L</folder>
	<filename>L.ae145679-c2a8-11eb-b7ff-0008ca6b6d30.jpg</filename>
	<path>D:\RealTimeObjectDetection\Tensorflow\workspace\images\collectedimages\L\L.ae145679-c2a8-11eb-b7ff-0008ca6b6d30.jpg</path>
	<source>
		<database>Unknown</database>
	</source>
	<size>
		<width>640</width>
		<height>480</height>
		<depth>3</depth>
	</size>
	<segmented>0</segmented>
	<object>
		<name>L</name>
		<pose>Unspecified</pose>
		<truncated>0</truncated>
		<difficult>0</difficult>
		<bndbox>
			<xmin>149</xmin>
			<ymin>185</ymin>
			<xmax>345</xmax>
			<ymax>401</ymax>
		</bndbox>
	</object>
</annotation>
