<annotation verified="yes">
	<folder>L</folder>
	<filename>L.b2f3bfae-c2a8-11eb-ae1f-0008ca6b6d30.jpg</filename>
	<path>D:\RealTimeObjectDetection\Tensorflow\workspace\images\collectedimages\L\L.b2f3bfae-c2a8-11eb-ae1f-0008ca6b6d30.jpg</path>
	<source>
		<database>Unknown</database>
	</source>
	<size>
		<width>640</width>
		<height>480</height>
		<depth>3</depth>
	</size>
	<segmented>0</segmented>
	<object>
		<name>L</name>
		<pose>Unspecified</pose>
		<truncated>0</truncated>
		<difficult>0</difficult>
		<bndbox>
			<xmin>171</xmin>
			<ymin>181</ymin>
			<xmax>359</xmax>
			<ymax>396</ymax>
		</bndbox>
	</object>
</annotation>
