<annotation verified="yes">
	<folder>L</folder>
	<filename>L.b697ba79-c2a8-11eb-97a0-0008ca6b6d30.jpg</filename>
	<path>D:\RealTimeObjectDetection\Tensorflow\workspace\images\collectedimages\L\L.b697ba79-c2a8-11eb-97a0-0008ca6b6d30.jpg</path>
	<source>
		<database>Unknown</database>
	</source>
	<size>
		<width>640</width>
		<height>480</height>
		<depth>3</depth>
	</size>
	<segmented>0</segmented>
	<object>
		<name>L</name>
		<pose>Unspecified</pose>
		<truncated>0</truncated>
		<difficult>0</difficult>
		<bndbox>
			<xmin>169</xmin>
			<ymin>176</ymin>
			<xmax>360</xmax>
			<ymax>382</ymax>
		</bndbox>
	</object>
</annotation>
