<annotation verified="yes">
	<folder>M</folder>
	<filename>M.78a9db33-c2a9-11eb-9282-0008ca6b6d30.jpg</filename>
	<path>D:\RealTimeObjectDetection\Tensorflow\workspace\images\collectedimages\M\M.78a9db33-c2a9-11eb-9282-0008ca6b6d30.jpg</path>
	<source>
		<database>Unknown</database>
	</source>
	<size>
		<width>640</width>
		<height>480</height>
		<depth>3</depth>
	</size>
	<segmented>0</segmented>
	<object>
		<name>M</name>
		<pose>Unspecified</pose>
		<truncated>0</truncated>
		<difficult>0</difficult>
		<bndbox>
			<xmin>199</xmin>
			<ymin>133</ymin>
			<xmax>390</xmax>
			<ymax>408</ymax>
		</bndbox>
	</object>
</annotation>
