<annotation verified="yes">
	<folder>M</folder>
	<filename>M.812e313b-c2a9-11eb-a33d-0008ca6b6d30.jpg</filename>
	<path>D:\RealTimeObjectDetection\Tensorflow\workspace\images\collectedimages\M\M.812e313b-c2a9-11eb-a33d-0008ca6b6d30.jpg</path>
	<source>
		<database>Unknown</database>
	</source>
	<size>
		<width>640</width>
		<height>480</height>
		<depth>3</depth>
	</size>
	<segmented>0</segmented>
	<object>
		<name>M</name>
		<pose>Unspecified</pose>
		<truncated>0</truncated>
		<difficult>0</difficult>
		<bndbox>
			<xmin>174</xmin>
			<ymin>132</ymin>
			<xmax>345</xmax>
			<ymax>390</ymax>
		</bndbox>
	</object>
</annotation>
