<annotation verified="yes">
	<folder>N</folder>
	<filename>N.634639e6-c2ab-11eb-8055-0008ca6b6d30.jpg</filename>
	<path>D:\RealTimeObjectDetection\Tensorflow\workspace\images\collectedimages\N\N.634639e6-c2ab-11eb-8055-0008ca6b6d30.jpg</path>
	<source>
		<database>Unknown</database>
	</source>
	<size>
		<width>640</width>
		<height>480</height>
		<depth>3</depth>
	</size>
	<segmented>0</segmented>
	<object>
		<name>N</name>
		<pose>Unspecified</pose>
		<truncated>0</truncated>
		<difficult>0</difficult>
		<bndbox>
			<xmin>147</xmin>
			<ymin>115</ymin>
			<xmax>323</xmax>
			<ymax>383</ymax>
		</bndbox>
	</object>
</annotation>
