<annotation verified="yes">
	<folder>O</folder>
	<filename>O.51e40a86-c2af-11eb-9c18-0008ca6b6d30.jpg</filename>
	<path>D:\RealTimeObjectDetection\Tensorflow\workspace\images\collectedimages\O\O.51e40a86-c2af-11eb-9c18-0008ca6b6d30.jpg</path>
	<source>
		<database>Unknown</database>
	</source>
	<size>
		<width>640</width>
		<height>480</height>
		<depth>3</depth>
	</size>
	<segmented>0</segmented>
	<object>
		<name>O</name>
		<pose>Unspecified</pose>
		<truncated>0</truncated>
		<difficult>0</difficult>
		<bndbox>
			<xmin>185</xmin>
			<ymin>111</ymin>
			<xmax>309</xmax>
			<ymax>325</ymax>
		</bndbox>
	</object>
</annotation>
