<annotation verified="yes">
	<folder>O</folder>
	<filename>O.55864c26-c2af-11eb-b512-0008ca6b6d30.jpg</filename>
	<path>D:\RealTimeObjectDetection\Tensorflow\workspace\images\collectedimages\O\O.55864c26-c2af-11eb-b512-0008ca6b6d30.jpg</path>
	<source>
		<database>Unknown</database>
	</source>
	<size>
		<width>640</width>
		<height>480</height>
		<depth>3</depth>
	</size>
	<segmented>0</segmented>
	<object>
		<name>O</name>
		<pose>Unspecified</pose>
		<truncated>0</truncated>
		<difficult>0</difficult>
		<bndbox>
			<xmin>188</xmin>
			<ymin>120</ymin>
			<xmax>322</xmax>
			<ymax>320</ymax>
		</bndbox>
	</object>
</annotation>
