<annotation verified="yes">
	<folder>O</folder>
	<filename>O.592f1b89-c2af-11eb-846a-0008ca6b6d30.jpg</filename>
	<path>D:\RealTimeObjectDetection\Tensorflow\workspace\images\collectedimages\O\O.592f1b89-c2af-11eb-846a-0008ca6b6d30.jpg</path>
	<source>
		<database>Unknown</database>
	</source>
	<size>
		<width>640</width>
		<height>480</height>
		<depth>3</depth>
	</size>
	<segmented>0</segmented>
	<object>
		<name>O</name>
		<pose>Unspecified</pose>
		<truncated>0</truncated>
		<difficult>0</difficult>
		<bndbox>
			<xmin>204</xmin>
			<ymin>122</ymin>
			<xmax>329</xmax>
			<ymax>321</ymax>
		</bndbox>
	</object>
</annotation>
