<annotation verified="yes">
	<folder>P</folder>
	<filename>P.e7966ce1-c2b0-11eb-a984-0008ca6b6d30.jpg</filename>
	<path>D:\RealTimeObjectDetection\Tensorflow\workspace\images\collectedimages\P\P.e7966ce1-c2b0-11eb-a984-0008ca6b6d30.jpg</path>
	<source>
		<database>Unknown</database>
	</source>
	<size>
		<width>640</width>
		<height>480</height>
		<depth>3</depth>
	</size>
	<segmented>0</segmented>
	<object>
		<name>P</name>
		<pose>Unspecified</pose>
		<truncated>0</truncated>
		<difficult>0</difficult>
		<bndbox>
			<xmin>132</xmin>
			<ymin>155</ymin>
			<xmax>333</xmax>
			<ymax>381</ymax>
		</bndbox>
	</object>
</annotation>
