<annotation verified="yes">
	<folder>Q</folder>
	<filename>Q.ba045ac2-c2b1-11eb-93b4-0008ca6b6d30.jpg</filename>
	<path>D:\RealTimeObjectDetection\Tensorflow\workspace\images\collectedimages\Q\Q.ba045ac2-c2b1-11eb-93b4-0008ca6b6d30.jpg</path>
	<source>
		<database>Unknown</database>
	</source>
	<size>
		<width>640</width>
		<height>480</height>
		<depth>3</depth>
	</size>
	<segmented>0</segmented>
	<object>
		<name>Q</name>
		<pose>Unspecified</pose>
		<truncated>0</truncated>
		<difficult>0</difficult>
		<bndbox>
			<xmin>102</xmin>
			<ymin>134</ymin>
			<xmax>343</xmax>
			<ymax>352</ymax>
		</bndbox>
	</object>
</annotation>
