<annotation verified="yes">
	<folder>Q</folder>
	<filename>Q.bc725d5b-c2b1-11eb-a6ab-0008ca6b6d30.jpg</filename>
	<path>D:\RealTimeObjectDetection\Tensorflow\workspace\images\collectedimages\Q\Q.bc725d5b-c2b1-11eb-a6ab-0008ca6b6d30.jpg</path>
	<source>
		<database>Unknown</database>
	</source>
	<size>
		<width>640</width>
		<height>480</height>
		<depth>3</depth>
	</size>
	<segmented>0</segmented>
	<object>
		<name>Q</name>
		<pose>Unspecified</pose>
		<truncated>0</truncated>
		<difficult>0</difficult>
		<bndbox>
			<xmin>110</xmin>
			<ymin>127</ymin>
			<xmax>354</xmax>
			<ymax>345</ymax>
		</bndbox>
	</object>
</annotation>
