<annotation verified="yes">
	<folder>R</folder>
	<filename>R.1756b0a3-c2b3-11eb-a000-0008ca6b6d30.jpg</filename>
	<path>D:\RealTimeObjectDetection\Tensorflow\workspace\images\collectedimages\R\R.1756b0a3-c2b3-11eb-a000-0008ca6b6d30.jpg</path>
	<source>
		<database>Unknown</database>
	</source>
	<size>
		<width>640</width>
		<height>480</height>
		<depth>3</depth>
	</size>
	<segmented>0</segmented>
	<object>
		<name>R</name>
		<pose>Unspecified</pose>
		<truncated>0</truncated>
		<difficult>0</difficult>
		<bndbox>
			<xmin>155</xmin>
			<ymin>241</ymin>
			<xmax>299</xmax>
			<ymax>387</ymax>
		</bndbox>
	</object>
</annotation>
