<annotation verified="yes">
	<folder>R</folder>
	<filename>R.286327fd-c2b3-11eb-b405-0008ca6b6d30.jpg</filename>
	<path>D:\RealTimeObjectDetection\Tensorflow\workspace\images\collectedimages\R\R.286327fd-c2b3-11eb-b405-0008ca6b6d30.jpg</path>
	<source>
		<database>Unknown</database>
	</source>
	<size>
		<width>640</width>
		<height>480</height>
		<depth>3</depth>
	</size>
	<segmented>0</segmented>
	<object>
		<name>R</name>
		<pose>Unspecified</pose>
		<truncated>0</truncated>
		<difficult>0</difficult>
		<bndbox>
			<xmin>143</xmin>
			<ymin>180</ymin>
			<xmax>293</xmax>
			<ymax>331</ymax>
		</bndbox>
	</object>
</annotation>
