<annotation verified="yes">
	<folder>S</folder>
	<filename>S.861a7024-c2b3-11eb-be86-0008ca6b6d30.jpg</filename>
	<path>D:\RealTimeObjectDetection\Tensorflow\workspace\images\collectedimages\S\S.861a7024-c2b3-11eb-be86-0008ca6b6d30.jpg</path>
	<source>
		<database>Unknown</database>
	</source>
	<size>
		<width>640</width>
		<height>480</height>
		<depth>3</depth>
	</size>
	<segmented>0</segmented>
	<object>
		<name>S</name>
		<pose>Unspecified</pose>
		<truncated>0</truncated>
		<difficult>0</difficult>
		<bndbox>
			<xmin>141</xmin>
			<ymin>146</ymin>
			<xmax>331</xmax>
			<ymax>394</ymax>
		</bndbox>
	</object>
</annotation>
