<annotation verified="yes">
	<folder>S</folder>
	<filename>S.92522c6c-c2b3-11eb-88c2-0008ca6b6d30.jpg</filename>
	<path>D:\RealTimeObjectDetection\Tensorflow\workspace\images\collectedimages\S\S.92522c6c-c2b3-11eb-88c2-0008ca6b6d30.jpg</path>
	<source>
		<database>Unknown</database>
	</source>
	<size>
		<width>640</width>
		<height>480</height>
		<depth>3</depth>
	</size>
	<segmented>0</segmented>
	<object>
		<name>S</name>
		<pose>Unspecified</pose>
		<truncated>0</truncated>
		<difficult>0</difficult>
		<bndbox>
			<xmin>145</xmin>
			<ymin>178</ymin>
			<xmax>307</xmax>
			<ymax>382</ymax>
		</bndbox>
	</object>
</annotation>
