<annotation verified="yes">
	<folder>T</folder>
	<filename>T.f1b8c723-c2b3-11eb-af17-0008ca6b6d30.jpg</filename>
	<path>D:\RealTimeObjectDetection\Tensorflow\workspace\images\collectedimages\T\T.f1b8c723-c2b3-11eb-af17-0008ca6b6d30.jpg</path>
	<source>
		<database>Unknown</database>
	</source>
	<size>
		<width>640</width>
		<height>480</height>
		<depth>3</depth>
	</size>
	<segmented>0</segmented>
	<object>
		<name>T</name>
		<pose>Unspecified</pose>
		<truncated>0</truncated>
		<difficult>0</difficult>
		<bndbox>
			<xmin>137</xmin>
			<ymin>187</ymin>
			<xmax>318</xmax>
			<ymax>382</ymax>
		</bndbox>
	</object>
</annotation>
