<annotation verified="yes">
	<folder>T</folder>
	<filename>T.f7c91b78-c2b3-11eb-8fb4-0008ca6b6d30.jpg</filename>
	<path>D:\RealTimeObjectDetection\Tensorflow\workspace\images\collectedimages\T\T.f7c91b78-c2b3-11eb-8fb4-0008ca6b6d30.jpg</path>
	<source>
		<database>Unknown</database>
	</source>
	<size>
		<width>640</width>
		<height>480</height>
		<depth>3</depth>
	</size>
	<segmented>0</segmented>
	<object>
		<name>T</name>
		<pose>Unspecified</pose>
		<truncated>0</truncated>
		<difficult>0</difficult>
		<bndbox>
			<xmin>163</xmin>
			<ymin>153</ymin>
			<xmax>340</xmax>
			<ymax>359</ymax>
		</bndbox>
	</object>
</annotation>
