<annotation verified="yes">
	<folder>U</folder>
	<filename>U.806d072b-c2b8-11eb-aa24-0008ca6b6d30.jpg</filename>
	<path>D:\RealTimeObjectDetection\Tensorflow\workspace\images\collectedimages\U\U.806d072b-c2b8-11eb-aa24-0008ca6b6d30.jpg</path>
	<source>
		<database>Unknown</database>
	</source>
	<size>
		<width>640</width>
		<height>480</height>
		<depth>3</depth>
	</size>
	<segmented>0</segmented>
	<object>
		<name>U</name>
		<pose>Unspecified</pose>
		<truncated>0</truncated>
		<difficult>0</difficult>
		<bndbox>
			<xmin>212</xmin>
			<ymin>123</ymin>
			<xmax>361</xmax>
			<ymax>327</ymax>
		</bndbox>
	</object>
</annotation>
