<annotation verified="yes">
	<folder>V</folder>
	<filename>V.081556e4-c2b9-11eb-b6ef-0008ca6b6d30.jpg</filename>
	<path>D:\RealTimeObjectDetection\Tensorflow\workspace\images\collectedimages\V\V.081556e4-c2b9-11eb-b6ef-0008ca6b6d30.jpg</path>
	<source>
		<database>Unknown</database>
	</source>
	<size>
		<width>640</width>
		<height>480</height>
		<depth>3</depth>
	</size>
	<segmented>0</segmented>
	<object>
		<name>V</name>
		<pose>Unspecified</pose>
		<truncated>0</truncated>
		<difficult>0</difficult>
		<bndbox>
			<xmin>148</xmin>
			<ymin>117</ymin>
			<xmax>293</xmax>
			<ymax>362</ymax>
		</bndbox>
	</object>
</annotation>
