<annotation verified="yes">
	<folder>V</folder>
	<filename>V.094c686b-c2b9-11eb-a831-0008ca6b6d30.jpg</filename>
	<path>D:\RealTimeObjectDetection\Tensorflow\workspace\images\collectedimages\V\V.094c686b-c2b9-11eb-a831-0008ca6b6d30.jpg</path>
	<source>
		<database>Unknown</database>
	</source>
	<size>
		<width>640</width>
		<height>480</height>
		<depth>3</depth>
	</size>
	<segmented>0</segmented>
	<object>
		<name>V</name>
		<pose>Unspecified</pose>
		<truncated>0</truncated>
		<difficult>0</difficult>
		<bndbox>
			<xmin>141</xmin>
			<ymin>126</ymin>
			<xmax>285</xmax>
			<ymax>381</ymax>
		</bndbox>
	</object>
</annotation>
