<annotation verified="yes">
	<folder>V</folder>
	<filename>V.f705bbe5-c2b8-11eb-95f5-0008ca6b6d30.jpg</filename>
	<path>D:\RealTimeObjectDetection\Tensorflow\workspace\images\collectedimages\V\V.f705bbe5-c2b8-11eb-95f5-0008ca6b6d30.jpg</path>
	<source>
		<database>Unknown</database>
	</source>
	<size>
		<width>640</width>
		<height>480</height>
		<depth>3</depth>
	</size>
	<segmented>0</segmented>
	<object>
		<name>V</name>
		<pose>Unspecified</pose>
		<truncated>0</truncated>
		<difficult>0</difficult>
		<bndbox>
			<xmin>126</xmin>
			<ymin>192</ymin>
			<xmax>265</xmax>
			<ymax>423</ymax>
		</bndbox>
	</object>
</annotation>
