<annotation verified="yes">
	<folder>V</folder>
	<filename>V.fbe4729f-c2b8-11eb-bf82-0008ca6b6d30.jpg</filename>
	<path>D:\RealTimeObjectDetection\Tensorflow\workspace\images\collectedimages\V\V.fbe4729f-c2b8-11eb-bf82-0008ca6b6d30.jpg</path>
	<source>
		<database>Unknown</database>
	</source>
	<size>
		<width>640</width>
		<height>480</height>
		<depth>3</depth>
	</size>
	<segmented>0</segmented>
	<object>
		<name>V</name>
		<pose>Unspecified</pose>
		<truncated>0</truncated>
		<difficult>0</difficult>
		<bndbox>
			<xmin>138</xmin>
			<ymin>172</ymin>
			<xmax>282</xmax>
			<ymax>414</ymax>
		</bndbox>
	</object>
</annotation>
