<annotation verified="yes">
	<folder>W</folder>
	<filename>W.931bc38a-c2b9-11eb-a4df-0008ca6b6d30.jpg</filename>
	<path>D:\RealTimeObjectDetection\Tensorflow\workspace\images\collectedimages\W\W.931bc38a-c2b9-11eb-a4df-0008ca6b6d30.jpg</path>
	<source>
		<database>Unknown</database>
	</source>
	<size>
		<width>640</width>
		<height>480</height>
		<depth>3</depth>
	</size>
	<segmented>0</segmented>
	<object>
		<name>W</name>
		<pose>Unspecified</pose>
		<truncated>0</truncated>
		<difficult>0</difficult>
		<bndbox>
			<xmin>119</xmin>
			<ymin>165</ymin>
			<xmax>409</xmax>
			<ymax>380</ymax>
		</bndbox>
	</object>
</annotation>
