<annotation verified="yes">
	<folder>X</folder>
	<filename>X.f40a62a4-c2b9-11eb-b590-0008ca6b6d30.jpg</filename>
	<path>D:\RealTimeObjectDetection\Tensorflow\workspace\images\collectedimages\X\X.f40a62a4-c2b9-11eb-b590-0008ca6b6d30.jpg</path>
	<source>
		<database>Unknown</database>
	</source>
	<size>
		<width>640</width>
		<height>480</height>
		<depth>3</depth>
	</size>
	<segmented>0</segmented>
	<object>
		<name>X</name>
		<pose>Unspecified</pose>
		<truncated>0</truncated>
		<difficult>0</difficult>
		<bndbox>
			<xmin>155</xmin>
			<ymin>231</ymin>
			<xmax>344</xmax>
			<ymax>396</ymax>
		</bndbox>
	</object>
</annotation>
