<annotation verified="yes">
	<folder>X</folder>
	<filename>X.ff02bb46-c2b9-11eb-bd38-0008ca6b6d30.jpg</filename>
	<path>D:\RealTimeObjectDetection\Tensorflow\workspace\images\collectedimages\X\X.ff02bb46-c2b9-11eb-bd38-0008ca6b6d30.jpg</path>
	<source>
		<database>Unknown</database>
	</source>
	<size>
		<width>640</width>
		<height>480</height>
		<depth>3</depth>
	</size>
	<segmented>0</segmented>
	<object>
		<name>X</name>
		<pose>Unspecified</pose>
		<truncated>0</truncated>
		<difficult>0</difficult>
		<bndbox>
			<xmin>163</xmin>
			<ymin>181</ymin>
			<xmax>346</xmax>
			<ymax>345</ymax>
		</bndbox>
	</object>
</annotation>
