<annotation verified="yes">
	<folder>Y</folder>
	<filename>Y.85fdfe8d-c2ba-11eb-a2be-0008ca6b6d30.jpg</filename>
	<path>D:\RealTimeObjectDetection\Tensorflow\workspace\images\collectedimages\Y\Y.85fdfe8d-c2ba-11eb-a2be-0008ca6b6d30.jpg</path>
	<source>
		<database>Unknown</database>
	</source>
	<size>
		<width>640</width>
		<height>480</height>
		<depth>3</depth>
	</size>
	<segmented>0</segmented>
	<object>
		<name>Y</name>
		<pose>Unspecified</pose>
		<truncated>0</truncated>
		<difficult>0</difficult>
		<bndbox>
			<xmin>272</xmin>
			<ymin>133</ymin>
			<xmax>430</xmax>
			<ymax>398</ymax>
		</bndbox>
	</object>
</annotation>
