<annotation verified="yes">
	<folder>Y</folder>
	<filename>Y.899f82cb-c2ba-11eb-b2d5-0008ca6b6d30.jpg</filename>
	<path>D:\RealTimeObjectDetection\Tensorflow\workspace\images\collectedimages\Y\Y.899f82cb-c2ba-11eb-b2d5-0008ca6b6d30.jpg</path>
	<source>
		<database>Unknown</database>
	</source>
	<size>
		<width>640</width>
		<height>480</height>
		<depth>3</depth>
	</size>
	<segmented>0</segmented>
	<object>
		<name>Y</name>
		<pose>Unspecified</pose>
		<truncated>0</truncated>
		<difficult>0</difficult>
		<bndbox>
			<xmin>319</xmin>
			<ymin>148</ymin>
			<xmax>477</xmax>
			<ymax>445</ymax>
		</bndbox>
	</object>
</annotation>
