<annotation verified="yes">
	<folder>Y</folder>
	<filename>Y.90ed7ada-c2ba-11eb-80a4-0008ca6b6d30.jpg</filename>
	<path>D:\RealTimeObjectDetection\Tensorflow\workspace\images\collectedimages\Y\Y.90ed7ada-c2ba-11eb-80a4-0008ca6b6d30.jpg</path>
	<source>
		<database>Unknown</database>
	</source>
	<size>
		<width>640</width>
		<height>480</height>
		<depth>3</depth>
	</size>
	<segmented>0</segmented>
	<object>
		<name>Y</name>
		<pose>Unspecified</pose>
		<truncated>0</truncated>
		<difficult>0</difficult>
		<bndbox>
			<xmin>230</xmin>
			<ymin>150</ymin>
			<xmax>388</xmax>
			<ymax>416</ymax>
		</bndbox>
	</object>
</annotation>
