<annotation verified="yes">
	<folder>Y</folder>
	<filename>Y.95c6bc0b-c2ba-11eb-94aa-0008ca6b6d30.jpg</filename>
	<path>D:\RealTimeObjectDetection\Tensorflow\workspace\images\collectedimages\Y\Y.95c6bc0b-c2ba-11eb-94aa-0008ca6b6d30.jpg</path>
	<source>
		<database>Unknown</database>
	</source>
	<size>
		<width>640</width>
		<height>480</height>
		<depth>3</depth>
	</size>
	<segmented>0</segmented>
	<object>
		<name>Y</name>
		<pose>Unspecified</pose>
		<truncated>0</truncated>
		<difficult>0</difficult>
		<bndbox>
			<xmin>198</xmin>
			<ymin>128</ymin>
			<xmax>366</xmax>
			<ymax>385</ymax>
		</bndbox>
	</object>
</annotation>
