<annotation verified="yes">
	<folder>Z</folder>
	<filename>Z.5036acee-c2bb-11eb-99dd-0008ca6b6d30.jpg</filename>
	<path>D:\RealTimeObjectDetection\Tensorflow\workspace\images\collectedimages\Z\Z.5036acee-c2bb-11eb-99dd-0008ca6b6d30.jpg</path>
	<source>
		<database>Unknown</database>
	</source>
	<size>
		<width>640</width>
		<height>480</height>
		<depth>3</depth>
	</size>
	<segmented>0</segmented>
	<object>
		<name>Z</name>
		<pose>Unspecified</pose>
		<truncated>0</truncated>
		<difficult>0</difficult>
		<bndbox>
			<xmin>206</xmin>
			<ymin>213</ymin>
			<xmax>374</xmax>
			<ymax>315</ymax>
		</bndbox>
	</object>
</annotation>
